{"stats":{"minecraft:mined":{"minecraft:oak_log":5,"minecraft:oak_leaves":21},"minecraft:picked_up":{"minecraft:oak_log":5},"minecraft:used":{"minecraft:oak_log":5},"minecraft:custom":{"minecraft:jump":13,"minecraft:time_since_rest":3907,"minecraft:leave_game":1,"minecraft:walk_on_water_one_cm":2172,"minecraft:sprint_one_cm":224,"minecraft:play_time":3907,"minecraft:time_since_death":3907,"minecraft:walk_one_cm":3857,"minecraft:sneak_time":69,"minecraft:total_world_time":3907,"minecraft:walk_under_water_one_cm":184,"minecraft:swim_one_cm":704,"minecraft:fly_one_cm":190}},"DataVersion":3465}